"filename","baybayin_text","latin_text"
"sentence_1.png","ᜆ᜕ᜇ᜕   ᜀᜉ᜔   ᜐ᜕ᜉ᜕ᜇ᜔ᜆ
ᜉ᜔   ᜉᜋ᜔ᜎ᜔ᜌ   ᜈ᜔ᜌ
ᜐ   ᜉᜄᜀᜇᜎ᜔   ᜈ᜔ᜌ","Todo ang suporta ng pamilya niya sa pag-aaral niya."
"sentence_2.png","ᜈᜄ᜔ᜈ᜔ᜐᜌ᜕   ᜐ᜔ᜌ   ᜈᜉ᜔
ᜆ᜕ᜇ᜕   ᜉᜇ   ᜐ
ᜑ᜕ᜎ᜔ᜉ᜔   ᜎᜊᜈ᜔","Nag-ensayo siya nang todo para sa huling laban."
"sentence_3.png","ᜆ᜕ᜇ᜕   ᜀᜉ᜔   ᜐ᜔ᜄᜏ᜔
ᜉ᜔   ᜋ᜔ᜄ   ᜀᜈ᜔ᜐ᜔
ᜐ   ᜂᜈ᜔ᜁᜇ᜔ᜆ᜔","Todo ang sigaw ng mga fans sa concert."
"sentence_4.png","ᜃ᜕ᜋᜁᜈ᜔   ᜀᜃ᜕   ᜈᜉ᜔
ᜆ᜕ᜇ᜕   ᜇᜑ᜔ᜎ᜔   ᜄ᜕ᜆ᜕ᜋ᜔
ᜈ   ᜄ᜕ᜆ᜕ᜋ᜔   ᜀᜃ᜕","Kumain ako nang todo dahil gutom na gutom ako."
"sentence_5.png","ᜆ᜕ᜇ᜕   ᜀᜉ᜔   ᜁᜂᜇ᜔ᜆ᜔
ᜈ᜔ᜌ   ᜐ   ᜉᜄ᜔ᜄᜏ
ᜉ᜔   ᜉ᜔ᜇ᜕ᜁᜆ᜔","Todo ang effort niya sa paggawa ng project."
"sentence_6.png","ᜈᜄ᜔ᜎ᜔ᜈ᜔ᜐ᜔   ᜃᜋ᜔   ᜈᜉ᜔
ᜆ᜕ᜇ᜕   ᜊᜄ᜕   ᜇ᜕ᜋᜆ᜔ᜉ᜔
ᜀᜉ᜔   ᜊ᜔ᜐ᜔ᜆ","Naglinis kami nang todo bago dumating ang bisita."
"sentence_7.png","ᜆ᜕ᜇ᜕   ᜀᜉ᜔   ᜐᜌ
ᜉ᜔   ᜋ᜔ᜄ   ᜊᜆ
ᜐ   ᜑᜈ᜔ᜇᜀᜈ᜔","Todo ang saya ng mga bata sa handaan."
"sentence_8.png","ᜈᜄᜇᜎ᜔   ᜐ᜔ᜌ   ᜈᜉ᜔
ᜆ᜕ᜇ᜕   ᜉᜇ   ᜉ᜕ᜋᜐ
ᜐ   ᜉᜄ᜔ᜐ᜕ᜐ᜕ᜎ᜔ᜆ᜔","Nag-aral siya nang todo para pumasa sa pagsusulit."
"sentence_9.png","ᜆ᜕ᜇ᜕   ᜀᜉ᜔   ᜃᜊ
ᜃ᜕   ᜑᜊᜉ᜔   ᜑ᜔ᜈ᜔ᜑ᜔ᜈ᜔ᜆᜌ᜔
ᜀᜉ᜔   ᜇ᜔ᜐ᜕ᜎ᜔ᜆ","Todo ang kaba ko habang hinihintay ang resulta."
"sentence_10.png","ᜂᜋ᜔ᜈ᜕ᜋ᜔   ᜐ᜔ᜌ   ᜈᜉ᜔
ᜆ᜕ᜇ᜕   ᜉ᜔   ᜆ᜕ᜊ᜔ᜄ᜔
ᜉᜄ᜔ᜃᜆᜉ᜕ᜐ᜔   ᜆ᜕ᜋᜃ᜔ᜊ᜕","Uminom siya nang todo ng tubig pagkatapos tumakbo."
"sentence_11.png","ᜆ᜕ᜇ᜕   ᜀᜉ᜔   ᜐ᜕ᜉ᜕ᜇ᜔ᜆ
ᜉ᜔   ᜊᜇ᜔ᜃᜇ   ᜐ
ᜈ᜔ᜄ᜕ᜐ᜔ᜌ᜕   ᜈ᜔ᜌ","Todo ang suporta ng barkada sa negosyo niya."
"sentence_12.png","ᜈᜄ᜔ᜉ᜔ᜇᜃ᜔ᜆ᜔ᜐ᜔   ᜐ᜔ᜎ   ᜈᜉ᜔
ᜆ᜕ᜇ᜕   ᜊᜄ᜕   ᜀᜉ᜔
ᜃ᜕ᜋ᜔ᜉ᜔ᜆ᜔ᜐ᜔ᜌ᜕ᜈ᜔","Nagpraktis sila nang todo bago ang kompetisyon."
"sentence_13.png","ᜆ᜕ᜇ᜕   ᜀᜉ᜔   ᜁᜉᜌ᜔
ᜐ   ᜎ᜕ᜂᜊ᜔   ᜉ᜔
ᜄ᜔ᜌ᜔ᜋ᜔   ᜃᜈ᜔ᜈ","Todo ang ingay sa loob ng gym kanina."
"sentence_14.png","ᜃ᜕ᜋᜌ᜕ᜇ᜔   ᜐ᜔ᜌ   ᜈᜉ᜔
ᜆ᜕ᜇ᜕   ᜉᜇ   ᜐ
ᜉᜋ᜔ᜎ᜔ᜌ","Kumayod siya nang todo para sa pamilya."
"sentence_15.png","ᜆ᜕ᜇ᜕   ᜀᜉ᜔   ᜉ᜔ᜆ᜔
ᜈ᜔ᜌ   ᜈᜉ᜔   ᜋᜃ᜔ᜆ
ᜀᜉ᜔   ᜇ᜔ᜄᜎ᜕","Todo ang ngiti niya nang makita ang regalo."
"sentence_16.png","ᜈᜄ᜔ᜉ᜕ᜈ᜔   ᜀᜃ᜕   ᜈᜉ᜔
ᜆ᜕ᜇ᜕   ᜈ᜔ᜆ᜕ᜉ᜔   ᜋ᜔ᜄ
ᜈᜃᜇᜀᜉ᜔   ᜊ᜕ᜏᜈ᜔","Nag-ipon ako nang todo nitong mga nakaraang buwan."
"sentence_17.png","ᜆ᜕ᜇ᜕   ᜀᜉ᜔   ᜉᜄ᜔ᜑᜉ
ᜃ᜕   ᜐ   ᜉ᜔ᜇ᜔ᜂᜇ᜔ᜋᜈ᜔ᜁ
ᜋ᜕","Todo ang paghanga ko sa performance mo."
"sentence_18.png","ᜈᜄ᜔ᜆ᜕ᜎ᜕ᜉᜈ᜔   ᜃᜋ᜔   ᜈᜉ᜔
ᜆ᜕ᜇ᜕   ᜉᜇ   ᜋᜆᜉ᜕ᜐ᜔
ᜀᜄᜇ᜔","Nagtulungan kami nang todo para matapos agad."
"sentence_19.png","ᜆ᜕ᜇ᜕   ᜀᜉ᜔   ᜁᜌᜃ᜔
ᜉ᜔   ᜊᜆ   ᜈᜉ᜔
ᜋᜇᜉ   ᜐ᜔ᜌ","Todo ang iyak ng bata nang madapa siya."
"sentence_20.png","ᜈᜄ᜔ᜉ᜕ᜃ᜕ᜐ᜔   ᜐ᜔ᜌ   ᜈᜉ᜔
ᜆ᜕ᜇ᜕   ᜐ   ᜆ᜔ᜇᜊᜑ᜕","Nagpokus siya nang todo sa trabaho."
"sentence_21.png","ᜆ᜕ᜇ᜕   ᜀᜉ᜔   ᜐᜌ
ᜈᜋ᜔ᜈ᜔   ᜐ   ᜊᜃᜐ᜔ᜌ᜕ᜈ᜔
ᜐ   ᜉ᜔ᜇ᜕ᜊ᜔ᜈ᜔ᜐ᜔ᜌ","Todo ang saya namin sa bakasyon sa probinsya."
"sentence_22.png","ᜁᜆ᜔ᜈ᜕ᜎᜃ᜔   ᜈ᜔ᜌ   ᜀᜉ᜔
ᜐᜇ᜔ᜎ᜔   ᜈ᜔ᜌ   ᜈᜉ᜔
ᜆ᜕ᜇ᜕   ᜐ   ᜆ᜔ᜇᜁᜈ᜔ᜉ᜔","Itinulak niya ang sarili niya nang todo sa training."
"sentence_23.png","ᜆ᜕ᜇ᜕   ᜀᜉ᜔   ᜉᜄ᜕ᜇ᜔
ᜃ᜕   ᜉᜄ᜔ᜃᜆᜉ᜕ᜐ᜔   ᜉ᜔
ᜂᜁᜇ᜔ᜆ᜔ᜋ᜔","Todo ang pagod ko pagkatapos ng overtime."
"sentence_24.png","ᜐ᜕ᜋ᜔ᜄᜏ᜔   ᜃᜋ᜔   ᜈᜉ᜔
ᜆ᜕ᜇ᜕   ᜉᜇ   ᜐ
ᜆ᜔ᜀᜋ᜔   ᜈᜋ᜔ᜈ᜔","Sumigaw kami nang todo para sa team namin."
"sentence_25.png","ᜆ᜕ᜇ᜕   ᜀᜉ᜔   ᜇᜐᜎ᜔
ᜈ᜔ᜌ   ᜊᜄ᜕   ᜀᜉ᜔
ᜁᜈ᜔ᜆ᜔ᜇ᜔ᜁᜁᜏ᜔","Todo ang dasal niya bago ang interview."
"sentence_26.png","ᜈᜄᜇᜎ᜔   ᜀᜃ᜕   ᜈᜉ᜔
ᜆ᜕ᜇ᜕   ᜃᜄᜊ᜔   ᜉᜇ
ᜐ   ᜂᜁ","Nag-aral ako nang todo kagabi para sa quiz."
"sentence_27.png","ᜆ᜕ᜇ᜕   ᜀᜉ᜔   ᜐ᜕ᜉ᜕ᜇ᜔ᜆ
ᜉ᜔   ᜄ᜕ᜇ᜕   ᜐ
ᜋ᜔ᜄ   ᜁᜐ᜔ᜆ᜕ᜇ᜔ᜌᜈ᜔ᜆ᜔","Todo ang suporta ng guro sa mga estudyante."
"sentence_28.png","ᜈᜄ᜔ᜑᜈ᜔ᜇ   ᜐ᜔ᜎ   ᜈᜉ᜔
ᜆ᜕ᜇ᜕   ᜉᜇ   ᜐ
ᜁᜁᜈ᜔ᜆ᜔","Naghanda sila nang todo para sa event."
"sentence_29.png","ᜆ᜕ᜇ᜕   ᜀᜉ᜔   ᜃᜊ
ᜈ᜔ᜌ   ᜑᜊᜉ᜔   ᜈᜐ
ᜐ᜔ᜆᜄ᜔","Todo ang kaba niya habang nasa stage."
"sentence_30.png","ᜈᜄ᜔ᜂᜇ᜔ᜆ᜔   ᜐ᜔ᜌ   ᜈᜉ᜔
ᜆ᜕ᜇ᜕   ᜉᜇ   ᜋᜉᜐᜌ
ᜃ","Nag-effort siya nang todo para mapasaya ka."
"sentence_31.png","ᜆ᜕ᜇ᜕   ᜀᜉ᜔   ᜆᜃ᜔ᜊ᜕
ᜈ᜔ᜌ   ᜉᜇ   ᜋᜀᜊ᜕ᜆᜈ᜔
ᜀᜉ᜔   ᜊ᜕ᜐ᜔","Todo ang takbo niya para maabutan ang bus."
"sentence_32.png","ᜈᜄ᜔ᜆ᜔ᜇᜊᜑ᜕   ᜐ᜔ᜌ   ᜈᜉ᜔
ᜆ᜕ᜇ᜕   ᜃᜑ᜔ᜆ᜔   ᜉᜄ᜕ᜇ᜔
ᜈ","Nagtrabaho siya nang todo kahit pagod na."
"sentence_33.png","ᜆ᜕ᜇ᜕   ᜀᜉ᜔   ᜆᜏ
ᜈᜋ᜔ᜈ᜔   ᜐ   ᜃ᜕ᜏ᜔ᜈ᜔ᜆ᜕
ᜈ᜔ᜌ","Todo ang tawa namin sa kuwento niya."
"sentence_34.png","ᜈᜄ᜔ᜊ᜔ᜄᜌ᜔   ᜐ᜔ᜌ   ᜈᜉ᜔
ᜆ᜕ᜇ᜕   ᜐ   ᜑᜇ᜔ᜆ᜔ᜌ᜔
ᜇ᜔ᜇ᜔ᜁ","Nagbigay siya nang todo sa charity drive."
"sentence_35.png","ᜆ᜕ᜇ᜕   ᜀᜉ᜔   ᜁᜈ᜔ᜆ᜔
ᜐ   ᜎᜊᜐ᜔   ᜃᜈ᜔ᜈᜉ᜔
ᜆᜉ᜔ᜑᜎ᜔","Todo ang init sa labas kaninang tanghali."
"sentence_36.png","ᜈᜄ᜔ᜎᜇ᜕   ᜀᜉ᜔   ᜋ᜔ᜄ
ᜊᜆ   ᜈᜉ᜔   ᜆ᜕ᜇ᜕
ᜐ   ᜂᜎᜈ᜔","Naglaro ang mga bata nang todo sa ulan."
"sentence_37.png","ᜆ᜕ᜇ᜕   ᜀᜉ᜔   ᜐ᜕ᜉ᜕ᜇ᜔ᜆ
ᜉ᜔   ᜐ᜔ᜑ᜕ᜂᜎ᜔   ᜐ
ᜀᜆ᜔ᜑ᜔ᜎ᜔ᜆ᜔ᜐ᜔","Todo ang suporta ng school sa athletes."
"sentence_38.png","ᜈᜄ᜔ᜈ᜔ᜂᜌ᜔   ᜃᜋ᜔   ᜈᜉ᜔
ᜆ᜕ᜇ᜕   ᜐ   ᜂᜂᜆ᜔ᜉ᜔","Nag-enjoy kami nang todo sa outing."
"sentence_39.png","ᜆ᜕ᜇ᜕   ᜀᜉ᜔   ᜉᜄ᜔ᜈ᜔ᜐᜌ᜕
ᜈ᜔ᜎ   ᜐ   ᜐᜌᜏ᜔","Todo ang pag-ensayo nila sa sayaw."
"sentence_40.png","ᜈᜄ᜔ᜉ᜕ᜌᜆ᜔   ᜀᜃ᜕   ᜈᜉ᜔
ᜆ᜕ᜇ᜕   ᜉᜇ   ᜋᜆᜉ᜕ᜐ᜔
ᜁᜆ᜕","Nagpuyat ako nang todo para matapos ito."
"sentence_41.png","ᜆ᜕ᜇ᜕   ᜀᜉ᜔   ᜉᜄ᜔ᜑᜑᜈ᜔ᜇ
ᜈ᜔ᜌ   ᜐ   ᜉ᜔ᜇ᜔ᜐ᜔ᜈ᜔ᜆᜆ᜔ᜂᜈ᜔","Todo ang paghahanda niya sa presentation."
"sentence_42.png","ᜆ᜕ᜇ᜕   ᜀᜉ᜔   ᜊ᜔ᜈ᜔ᜆ
ᜈ᜔ᜎ   ᜈ᜕ᜂᜉ᜔   ᜁᜁᜐ᜔ᜆ","Todo ang benta nila noong fiesta."
"sentence_43.png","ᜆ᜕ᜇ᜕   ᜀᜉ᜔   ᜉᜄ᜕ᜇ᜔
ᜉ᜔ᜇ᜕   ᜐ᜕ᜎ᜔ᜆ᜔   ᜀᜉ᜔
ᜇ᜔ᜐ᜕ᜎ᜔ᜆ","Todo ang pagod pero sulit ang resulta."
"sentence_44.png","ᜈᜄ᜔ᜆ᜔ᜏᜎ   ᜐ᜔ᜌ   ᜈᜉ᜔
ᜆ᜕ᜇ᜕   ᜐ   ᜃᜃᜌᜑᜈ᜔
ᜈ᜔ᜌ","Nagtiwala siya nang todo sa kakayahan niya."
"sentence_45.png","ᜆ᜕ᜇ᜕   ᜀᜉ᜔   ᜁᜂᜇ᜔ᜆ᜔
ᜉ᜔   ᜆ᜔ᜀᜋ᜔   ᜐ
ᜁᜈᜎ᜔ᜐ᜔","Todo ang effort ng team sa finals."
"sentence_46.png","ᜈᜄ᜔ᜊ᜔ᜄᜌ᜔   ᜐ᜔ᜌ   ᜈᜉ᜔
ᜆ᜕ᜇ᜕   ᜐ   ᜉ᜔ᜇ᜔ᜂᜇ᜔ᜋᜈ᜔ᜁ
ᜈ᜔ᜌ","Nagbigay siya nang todo sa performance niya."
"sentence_47.png","ᜆ᜕ᜇ᜕   ᜀᜉ᜔   ᜉᜄᜀᜎᜎ
ᜈ᜔   ᜋᜋ   ᜃᜄᜊ᜔","Todo ang pag-aalala ni Mama kagabi."
"sentence_48.png","ᜈᜄ᜔ᜊ᜕ᜑ᜕ᜐ᜔   ᜐ᜔ᜌ   ᜈᜉ᜔
ᜆ᜕ᜇ᜕   ᜉ᜔   ᜂᜇᜐ᜔
ᜐ   ᜉ᜔ᜇ᜕ᜁᜆ᜔","Nagbuhos siya nang todo ng oras sa project."
"sentence_49.png","ᜆ᜕ᜇ᜕   ᜀᜉ᜔   ᜐ᜕ᜉ᜕ᜇ᜔ᜆ
ᜃ᜕   ᜐ   ᜇ᜔ᜐ᜔ᜐ᜔ᜌ᜕ᜈ᜔
ᜋ᜕","Todo ang suporta ko sa desisyon mo."
"sentence_50.png","ᜈᜄ᜔ᜉᜐᜎᜋᜆ᜔   ᜐ᜔ᜌ   ᜈᜉ᜔
ᜆ᜕ᜇ᜕   ᜐ   ᜆ᜕ᜋ᜕ᜎ᜕ᜉ᜔
ᜐ   ᜃᜈ᜔ᜌ","Nagpasalamat siya nang todo sa tumulong sa kanya."
"sentence_51.png","ᜋᜎᜃ᜔   ᜀᜉ᜔   ᜆ᜕ᜇ᜕
ᜈ   ᜈᜃ᜔ᜆ   ᜈᜋ᜔ᜈ᜔
ᜐ   ᜊ᜕ᜃ᜔ᜇ᜔","Malaki ang toro na nakita namin sa bukid."
"sentence_52.png","ᜈᜄᜎ᜔ᜆ᜔   ᜀᜉ᜔   ᜆ᜕ᜇ᜕
ᜈᜉ᜔   ᜎᜉ᜔ᜆᜈ᜔   ᜉ᜔
ᜋ᜔ᜄ   ᜆᜂ","Nagalit ang toro nang lapitan ng mga tao."
"sentence_53.png","ᜆ᜕ᜋᜃ᜔ᜊ᜕   ᜀᜉ᜔   ᜆ᜕ᜇ᜕
ᜐ   ᜄ᜔ᜆ᜔ᜈ   ᜉ᜔
ᜃᜎ᜔ᜐᜇ","Tumakbo ang toro sa gitna ng kalsada."
"sentence_54.png","ᜋᜁᜉᜆ᜔   ᜃᜋ᜔ᜉ᜔   ᜎ᜕ᜋᜌ᜕
ᜐ   ᜋᜊᜉ᜔ᜐ᜔   ᜈ
ᜆ᜕ᜇ᜕","Maingat kaming lumayo sa mabangis na toro."
"sentence_55.png","ᜋᜌ᜔   ᜆ᜕ᜇ᜕   ᜐ
ᜎ᜕ᜂᜊ᜔   ᜉ᜔   ᜃ᜕ᜎ᜕ᜉᜈ᜔
ᜐ   ᜊ᜕ᜃ᜔ᜇ᜔","May toro sa loob ng kulungan sa bukid."
"sentence_56.png","ᜂᜋᜆᜃ᜔   ᜀᜉ᜔   ᜆ᜕ᜇ᜕
ᜃᜌ   ᜈᜄ᜔ᜐ᜔ᜆᜃ᜔ᜊ᜕ᜑᜈ᜔   ᜀᜉ᜔
ᜎᜑᜆ᜔","Umatake ang toro kaya nagsitakbuhan ang lahat."
"sentence_57.png","ᜀᜉ᜔   ᜆ᜕ᜇ᜕   ᜀᜌ᜔
ᜀᜎᜄ   ᜉ᜔   ᜋᜄ᜔ᜐᜐᜃ","Ang toro ay alaga ng magsasaka."
"sentence_58.png","ᜋᜎᜃᜐ᜔   ᜐ᜕ᜋ᜔ᜉᜐ᜔ᜉ᜔   ᜀᜉ᜔
ᜆ᜕ᜇ᜕   ᜃᜈ᜔ᜈ","Malakas sumingasing ang toro kanina."
"sentence_59.png","ᜈᜃᜃᜆᜃ᜕ᜆ᜔   ᜀᜉ᜔   ᜎᜃ᜔
ᜉ᜔   ᜆ᜕ᜇ᜕","Nakakatakot ang laki ng toro."
"sentence_60.png","ᜁᜈ᜔ᜎᜌ᜕   ᜈ᜔ᜎ   ᜀᜉ᜔
ᜆ᜕ᜇ᜕   ᜐ   ᜋ᜔ᜄ
ᜊᜆ","Inilayo nila ang toro sa mga bata."
"sentence_61.png","ᜀᜉ᜔   ᜆ᜕ᜇ᜕   ᜀᜌ᜔
ᜈᜉ᜔ᜉ᜔ᜈᜁᜈ᜔   ᜐ   ᜇᜋ᜕ᜑᜈ᜔","Ang toro ay nanginginain sa damuhan."
"sentence_62.png","ᜈᜄ᜔ᜏᜎ   ᜀᜉ᜔   ᜆ᜕ᜇ᜕
ᜐ   ᜀᜇ᜔ᜈ","Nagwala ang toro sa arena."
"sentence_63.png","ᜋᜑ᜔ᜄ᜔ᜉ᜔ᜆ᜔   ᜀᜉ᜔   ᜉᜄ᜔ᜃᜃᜆᜎ᜔
ᜐ   ᜆ᜕ᜇ᜕","Mahigpit ang pagkakatali sa toro."
"sentence_64.png","ᜈᜃ᜔ᜆ   ᜈᜋ᜔ᜈ᜔   ᜀᜉ᜔
ᜁᜆ᜔ᜋ᜔   ᜈ   ᜆ᜕ᜇ᜕
ᜐ   ᜉᜐ᜔ᜆ᜕ᜎᜈ᜔","Nakita namin ang itim na toro sa pastulan."
"sentence_65.png","ᜊ᜔ᜄ᜔ᜎᜉ᜔   ᜃ᜕ᜋᜏᜎ   ᜀᜉ᜔
ᜆ᜕ᜇ᜕   ᜐ   ᜎ᜕ᜊ᜔ᜇ᜔","Biglang kumawala ang toro sa lubid."
"sentence_66.png","ᜀᜉ᜔   ᜆ᜕ᜇ᜕   ᜀᜌ᜔
ᜊᜑᜄ᜔   ᜉ᜔   ᜉ᜔ᜐ᜔ᜆ
ᜐ   ᜊᜇ᜔ᜌ᜕","Ang toro ay bahagi ng pista sa baryo."
"sentence_67.png","ᜋᜁᜉᜆ᜔   ᜈ   ᜁᜈᜎᜄᜀᜈ᜔
ᜀᜉ᜔   ᜆ᜕ᜇ᜕   ᜐ
ᜇᜈ᜔ᜑ᜕","Maingat na inalagaan ang toro sa rancho."
"sentence_68.png","ᜂᜋ᜔ᜎᜄ᜔   ᜐ᜔ᜌ   ᜈᜉ᜔
ᜐ᜕ᜋ᜕ᜄ᜕ᜇ᜔   ᜀᜉ᜔   ᜆ᜕ᜇ᜕","Umilag siya nang sumugod ang toro."
"sentence_69.png","ᜀᜉ᜔   ᜆ᜕ᜇ᜕   ᜀᜌ᜔
ᜋᜌ᜔   ᜋᜆ᜕ᜆ᜕ᜎ᜔ᜐ᜔   ᜈ
ᜐ᜕ᜉᜌ᜔","Ang toro ay may matutulis na sungay."
"sentence_70.png","ᜉ᜔ᜈᜃᜁᜈ᜔   ᜈ᜔ᜎ   ᜉ᜔
ᜇᜋ᜕   ᜀᜉ᜔   ᜆ᜕ᜇ᜕","Pinakain nila ng damo ang toro."
"sentence_71.png","ᜋᜎᜃᜐ᜔   ᜀᜉ᜔   ᜌᜊᜄ᜔
ᜉ᜔   ᜆ᜕ᜇ᜕   ᜐ
ᜎ᜕ᜉ","Malakas ang yabag ng toro sa lupa."
"sentence_72.png","ᜈᜄ᜔ᜉᜌ᜔   ᜀᜉ᜔   ᜆ᜕ᜇ᜕
ᜊ᜕ᜂᜉ᜔   ᜄᜊ᜔","Nag-ingay ang toro buong gabi."
"sentence_73.png","ᜀᜉ᜔   ᜆ᜕ᜇ᜕   ᜀᜌ᜔
ᜋ᜕ᜃ᜔ᜑᜉ᜔   ᜉᜄ᜕ᜇ᜔   ᜋᜆᜉ᜕ᜐ᜔
ᜀᜉ᜔   ᜎᜊᜈ᜔","Ang toro ay mukhang pagod matapos ang laban."
"sentence_74.png","ᜁᜉ᜔ᜈᜃ᜔ᜆ   ᜉ᜔   ᜋᜄ᜔ᜐᜐᜃ
ᜀᜉ᜔   ᜃᜈ᜔ᜌᜉ᜔   ᜆ᜕ᜇ᜕","Ipinakita ng magsasaka ang kanyang toro."
"sentence_75.png","ᜋᜌ᜔   ᜋᜇ᜔ᜃ   ᜀᜉ᜔
ᜆ᜕ᜇ᜕   ᜐ   ᜆᜄ᜔ᜎ᜔ᜇᜈ᜔","May marka ang toro sa tagiliran."
"sentence_76.png","ᜇᜑᜈ᜔ᜇᜑᜉ᜔   ᜎ᜕ᜋᜉ᜔ᜆ᜔   ᜀᜉ᜔
ᜆ᜕ᜇ᜕   ᜐ   ᜊᜃ᜕ᜇ᜔","Dahan-dahang lumapit ang toro sa bakod."
"sentence_77.png","ᜈᜆᜃ᜕ᜆ᜔   ᜀᜉ᜔   ᜋ᜔ᜄ
ᜊᜆ   ᜐ   ᜋᜎᜃ᜔ᜉ᜔
ᜆ᜕ᜇ᜕","Natakot ang mga bata sa malaking toro."
"sentence_78.png","ᜀᜉ᜔   ᜆ᜕ᜇ᜕   ᜀᜌ᜔
ᜂᜋ᜔ᜁᜈ᜕ᜋ᜔   ᜐ   ᜐᜉ","Ang toro ay umiinom sa sapa."
"sentence_79.png","ᜋᜀᜋ᜕   ᜀᜉ᜔   ᜆ᜕ᜇ᜕
ᜃᜉᜄ᜔   ᜃ᜔ᜎᜎ   ᜀᜉ᜔
ᜎ᜕ᜋᜎᜉ᜔ᜆ᜔","Maamo ang toro kapag kilala ang lumalapit."
"sentence_80.png","ᜊ᜔ᜄ᜔ᜎᜉ᜔   ᜑ᜕ᜋ᜔ᜈ᜔ᜆ᜕   ᜀᜉ᜔
ᜆ᜕ᜇ᜕   ᜐ   ᜄ᜔ᜆ᜔ᜈ
ᜉ᜔   ᜇᜀᜈ᜔","Biglang huminto ang toro sa gitna ng daan."
"sentence_81.png","ᜀᜉ᜔   ᜆ᜕ᜇ᜕   ᜀᜌ᜔
ᜈᜄ᜔ᜊᜊᜈ᜔ᜆᜌ᜔   ᜐ   ᜉᜐ᜔ᜆ᜕ᜎᜈ᜔","Ang toro ay nagbabantay sa pastulan."
"sentence_82.png","ᜋᜎ᜕ᜐ᜕ᜄ᜔   ᜀᜉ᜔   ᜀᜎᜄᜉ᜔
ᜆ᜕ᜇ᜕   ᜉ᜔   ᜃᜉ᜔ᜆ᜔ᜊᜑᜌ᜔","Malusog ang alagang toro ng kapitbahay."
"sentence_83.png","ᜐ᜕ᜋ᜔ᜉ᜔ᜆ᜔   ᜀᜉ᜔   ᜆ᜕ᜇ᜕
ᜐ   ᜊ᜕ᜃᜐ᜔   ᜈ
ᜄᜆ᜔","Sumingit ang toro sa bukas na gate."
"sentence_84.png","ᜁᜈ᜕ᜊ᜔ᜐ᜔ᜇ᜔ᜊᜑᜈ᜔   ᜈᜋ᜔ᜈ᜔   ᜀᜉ᜔
ᜆ᜕ᜇ᜕   ᜋ᜕ᜎ   ᜐ
ᜋᜎᜌ᜕","Inobserbahan namin ang toro mula sa malayo."
"sentence_85.png","ᜀᜉ᜔   ᜆ᜕ᜇ᜕   ᜀᜌ᜔
ᜐ᜔ᜋ᜔ᜊ᜕ᜎ᜕   ᜉ᜔   ᜎᜃᜐ᜔
ᜐ   ᜃ᜕ᜏ᜔ᜈ᜔ᜆ᜕","Ang toro ay simbolo ng lakas sa kuwento."
"sentence_86.png","ᜈᜄ᜔ᜉᜑ᜔ᜉ   ᜀᜉ᜔   ᜆ᜕ᜇ᜕
ᜐ   ᜁᜎᜎ᜔ᜋ᜔   ᜉ᜔
ᜉ᜕ᜈ᜕","Nagpahinga ang toro sa ilalim ng puno."
"sentence_87.png","ᜋᜑ᜔ᜇᜉ᜔   ᜃ᜕ᜈ᜔ᜆ᜔ᜇ᜕ᜎ᜔ᜈ᜔   ᜀᜉ᜔
ᜄᜎ᜔ᜆ᜔   ᜈ   ᜆ᜕ᜇ᜕","Mahirap kontrolin ang galit na toro."
"sentence_88.png","ᜀᜉ᜔   ᜆ᜕ᜇ᜕   ᜀᜌ᜔
ᜆ᜕ᜋᜆᜃ᜔ᜊ᜕   ᜉᜁᜃ᜕ᜆ᜔   ᜐ
ᜊᜃ᜕ᜇᜈ᜔","Ang toro ay tumatakbo paikot sa bakuran."
"sentence_89.png","ᜃ᜔ᜈ᜕ᜈᜈ᜔   ᜈᜋ᜔ᜈ᜔   ᜉ᜔
ᜎᜇᜏᜈ᜔   ᜀᜉ᜔   ᜆ᜕ᜇ᜕
ᜐ   ᜊ᜕ᜃ᜔ᜇ᜔","Kinunan namin ng larawan ang toro sa bukid."
"sentence_90.png","ᜆᜑ᜔ᜋ᜔ᜃ᜔   ᜀᜉ᜔   ᜆ᜕ᜇ᜕
ᜑᜊᜉ᜔   ᜃ᜕ᜋᜃᜁᜈ᜔","Tahimik ang toro habang kumakain."
"sentence_91.png","ᜀᜉ᜔   ᜆ᜕ᜇ᜕   ᜀᜌ᜔
ᜆ᜔ᜎ   ᜈᜄ᜔ᜋᜋᜐ᜔ᜇ᜔   ᜐ
ᜀᜋ᜔ᜈ᜔","Ang toro ay tila nagmamasid sa amin."
"sentence_92.png","ᜂᜋᜎ᜔ᜉᜏ᜔ᜉᜏ᜔   ᜀᜉ᜔   ᜂᜉ᜕ᜎ᜔
ᜉ᜔   ᜆ᜕ᜇ᜕","Umalingawngaw ang ungol ng toro."
"sentence_93.png","ᜁᜈ᜔ᜎᜄᜌ᜔   ᜀᜉ᜔   ᜆ᜕ᜇ᜕
ᜐ   ᜋᜐ᜔   ᜋᜎᜃ᜔ᜉ᜔
ᜃ᜕ᜎ᜕ᜉᜈ᜔","Inilagay ang toro sa mas malaking kulungan."
"sentence_94.png","ᜋᜁᜉᜆ᜔   ᜈ   ᜈ᜔ᜎᜉ᜔ᜆᜈ᜔
ᜉ᜔   ᜊ᜔ᜆ᜔ᜇ᜔ᜈᜇ᜔ᜌ᜕   ᜀᜉ᜔
ᜆ᜕ᜇ᜕","Maingat na nilapitan ng beterinaryo ang toro."
"sentence_95.png","ᜀᜉ᜔   ᜆ᜕ᜇ᜕   ᜀᜌ᜔
ᜋᜌ᜔   ᜋᜃᜉᜎ᜔   ᜈ
ᜎ᜔ᜁᜄ᜔","Ang toro ay may makapal na leeg."
"sentence_96.png","ᜈᜄᜉᜆ᜔   ᜉ᜔   ᜂᜎ᜕
ᜀᜉ᜔   ᜆ᜕ᜇ᜕   ᜈᜉ᜔
ᜋᜇ᜔ᜈ᜔ᜄ᜔   ᜃᜋ᜔","Nag-angat ng ulo ang toro nang marinig kami."
"sentence_97.png","ᜇ᜔ᜈᜎ   ᜈ᜔ᜎ   ᜀᜉ᜔
ᜆ᜕ᜇ᜕   ᜐ   ᜃᜊ᜔ᜎᜉ᜔
ᜉᜐ᜔ᜆ᜕ᜎᜈ᜔","Dinala nila ang toro sa kabilang pastulan."
"sentence_98.png","ᜀᜉ᜔   ᜆ᜕ᜇ᜕   ᜀᜌ᜔
ᜃ᜔ᜎᜎ   ᜐ   ᜆᜉᜉ᜔
ᜈ᜔ᜆ᜕","Ang toro ay kilala sa tapang nito."
"sentence_99.png","ᜈᜃᜎ᜔ᜄ᜔ᜆᜐ᜔   ᜐ᜔ᜌ   ᜐ
ᜑᜊ᜕ᜎ᜔   ᜉ᜔   ᜆ᜕ᜇ᜕","Nakaligtas siya sa habol ng toro."
"sentence_100.png","ᜉ᜔ᜈᜈ᜕ᜂᜇ᜔   ᜈᜋ᜔ᜈ᜔   ᜀᜉ᜔
ᜆ᜕ᜇ᜕   ᜋ᜕ᜎ   ᜐ
ᜊᜃ᜕ᜇ᜔","Pinanood namin ang toro mula sa bakod."
"sentence_101.png","ᜋᜎᜃ᜔   ᜀᜉ᜔   ᜈᜁᜆ᜕ᜎ᜕ᜉ᜔
ᜉ᜔   ᜆ᜕ᜇ᜕   ᜉ᜔
ᜄ᜕ᜇ᜕   ᜐ   ᜀᜃ᜔ᜈ᜔","Malaki ang naitulong ng turo ng guro sa akin."
"sentence_102.png","ᜐ᜔ᜈ᜕ᜈ᜕ᜇ᜔   ᜃ᜕   ᜀᜉ᜔
ᜆ᜕ᜇ᜕   ᜈ᜔   ᜋᜋ
ᜆ᜕ᜉ᜔ᜃ᜕ᜎ᜔   ᜐ   ᜉᜄ᜔ᜆ᜔ᜆ᜔ᜉ᜔ᜇ᜔","Sinunod ko ang turo ni Mama tungkol sa pagtitipid."
"sentence_103.png","ᜀᜉ᜔   ᜆ᜕ᜇ᜕   ᜉ᜔
ᜂᜀᜑ᜔   ᜀᜌ᜔   ᜋᜎ᜔ᜈᜏ᜔
ᜀᜆ᜔   ᜇ᜔ᜇ᜔ᜆ᜔ᜐ᜕","Ang turo ng coach ay malinaw at diretso."
"sentence_104.png","ᜋᜑᜎᜄ   ᜀᜉ᜔   ᜆ᜕ᜇ᜕
ᜉ᜔   ᜈᜃᜆᜆᜈ᜔ᜇ   ᜐ
ᜊ᜕ᜑᜌ᜔","Mahalaga ang turo ng nakatatanda sa buhay."
"sentence_105.png","ᜈᜀᜎᜎ   ᜃ᜕   ᜀᜉ᜔
ᜆ᜕ᜇ᜕   ᜉ᜔   ᜄ᜕ᜇ᜕
ᜃ᜕   ᜐ   ᜋᜆ᜔ᜑ᜔","Naalala ko ang turo ng guro ko sa math."
"sentence_106.png","ᜀᜉ᜔   ᜆ᜕ᜇ᜕   ᜈ᜔ᜌ
ᜀᜌ᜔   ᜋᜇᜎ᜔ᜉ᜔   ᜁᜈ᜔ᜆ᜔ᜈ᜔ᜇ᜔ᜑ᜔ᜈ᜔","Ang turo niya ay madaling intindihin."
"sentence_107.png","ᜁᜐ᜔ᜈᜉ᜕ᜐ᜕   ᜃ᜕   ᜀᜉ᜔
ᜆ᜕ᜇ᜕   ᜉ᜔   ᜋᜄ᜕ᜎᜉ᜔
ᜃ᜕","Isinapuso ko ang turo ng magulang ko."
"sentence_108.png","ᜁᜉ᜔ᜃ᜔ᜆ᜔ᜊ᜕   ᜀᜉ᜔   ᜆ᜕ᜇ᜕
ᜉ᜔   ᜊᜄ᜕ᜉ᜔   ᜁᜈ᜔ᜐ᜔ᜆ᜔ᜇ᜕ᜆ᜕ᜇ᜔","Epektibo ang turo ng bagong instructor."
"sentence_109.png","ᜁᜊ   ᜀᜉ᜔   ᜆ᜕ᜇ᜕
ᜈ᜔ᜌ   ᜃ᜕ᜋ᜔ᜉᜇ   ᜐ
ᜇᜆ᜔   ᜃ᜕ᜉ᜔   ᜆ᜔ᜀᜑ᜔ᜇ᜔","Iba ang turo niya kumpara sa dati kong teacher."
"sentence_110.png","ᜀᜉ᜔   ᜆ᜕ᜇ᜕   ᜐ
ᜐ᜔ᜋ᜔ᜈᜇ᜔   ᜀᜌ᜔   ᜃᜉᜃ᜔ᜉᜃ᜔ᜈᜊᜉ᜔","Ang turo sa seminar ay kapaki-pakinabang."
"sentence_111.png","ᜐ᜔ᜈ᜕ᜊ᜕ᜃᜈ᜔   ᜃ᜕ᜉ᜔   ᜐ᜕ᜈ᜔ᜇ᜔ᜈ᜔
ᜀᜉ᜔   ᜆ᜕ᜇ᜕   ᜋ᜕","Sinubukan kong sundin ang turo mo."
"sentence_112.png","ᜀᜉ᜔   ᜆ᜕ᜇ᜕   ᜈ᜔ᜌ
ᜆ᜕ᜉ᜔ᜃ᜕ᜎ᜔   ᜐ   ᜇ᜔ᜐ᜔ᜉ᜔ᜎ᜔ᜈ
ᜀᜌ᜔   ᜆ᜕ᜋᜆᜃ᜔   ᜐ
ᜀᜃ᜔ᜈ᜔","Ang turo niya tungkol sa disiplina ay tumatak sa akin."
"sentence_113.png","ᜋᜎ᜔ᜈᜏ᜔   ᜀᜉ᜔   ᜊᜏᜆ᜔
ᜆ᜕ᜇ᜕   ᜐ   ᜆ᜔ᜇᜁᜈ᜔ᜉ᜔","Malinaw ang bawat turo sa training."
"sentence_114.png","ᜀᜉ᜔   ᜆ᜕ᜇ᜕   ᜉ᜔
ᜇ᜔ᜌ᜕ᜐ᜔   ᜀᜌ᜔   ᜋᜑᜎ᜔ᜈ᜔
ᜈᜆ᜔ᜈ᜔   ᜀᜉ᜔   ᜀᜆ᜔ᜉ᜔
ᜃᜉ᜔ᜏ","Ang turo ng Diyos ay mahalin natin ang ating kapwa."
"sentence_115.png","ᜀᜉ᜔   ᜆ᜕ᜇ᜕   ᜉ᜔
ᜐ᜔ᜋ᜔ᜊᜑᜈ᜔   ᜀᜌ᜔   ᜆ᜕ᜉ᜔ᜃ᜕ᜎ᜔
ᜐ   ᜃᜊ᜕ᜆ᜔ᜑᜈ᜔","Ang turo ng simbahan ay tungkol sa kabutihan."
"sentence_116.png","ᜑ᜔ᜈ᜔ᜇ᜔   ᜃ᜕   ᜋᜃᜃᜎ᜔ᜋ᜕ᜆᜈ᜔
ᜀᜉ᜔   ᜆ᜕ᜇ᜕   ᜋ᜕","Hindi ko makakalimutan ang turo mo."
"sentence_117.png","ᜀᜉ᜔   ᜆ᜕ᜇ᜕   ᜈ᜔ᜌ
ᜀᜉ᜔   ᜈᜄ᜔ᜉ᜔   ᜄᜊᜌ᜔
ᜃ᜕","Ang turo niya ang naging gabay ko."
"sentence_118.png","ᜁᜈ᜕ᜎ᜔ᜆ᜔   ᜉ᜔   ᜄ᜕ᜇ᜕
ᜀᜉ᜔   ᜆ᜕ᜇ᜕   ᜉᜇ
ᜋᜁᜈ᜔ᜆ᜔ᜈ᜔ᜇ᜔ᜑᜈ᜔   ᜈᜋ᜔ᜈ᜔","Inulit ng guro ang turo para maintindihan namin."
"sentence_119.png","ᜋᜌ᜔   ᜎᜎ᜔ᜋ᜔   ᜀᜉ᜔
ᜆ᜕ᜇ᜕   ᜉ᜔   ᜋᜆᜈ᜔ᜇᜉ᜔
ᜁᜌ᜕ᜈ᜔","May lalim ang turo ng matandang iyon."
"sentence_120.png","ᜀᜉ᜔   ᜆ᜕ᜇ᜕   ᜐ
ᜏ᜕ᜇ᜔ᜃ᜔ᜐ᜔ᜑ᜕ᜉ᜔   ᜀᜌ᜔   ᜉ᜔ᜇᜃ᜔ᜆ᜔ᜃᜎ᜔","Ang turo sa workshop ay praktikal."
"sentence_121.png","ᜐ᜔ᜈ᜕ᜎᜆ᜔   ᜃ᜕   ᜀᜉ᜔
ᜋᜑᜑᜎᜄᜉ᜔   ᜆ᜕ᜇ᜕   ᜐ
ᜈ᜕ᜆ᜔ᜊ᜕ᜂᜃ᜔","Sinulat ko ang mahahalagang turo sa notebook."
"sentence_122.png","ᜀᜉ᜔   ᜆ᜕ᜇ᜕   ᜈ᜔ᜌ
ᜀᜌ᜔   ᜉ᜕ᜈ᜕   ᜉ᜔
ᜑᜎ᜔ᜋ᜔ᜊᜏ","Ang turo niya ay puno ng halimbawa."
"sentence_123.png","ᜈᜃᜆ᜕ᜎ᜕ᜉ᜔   ᜀᜉ᜔   ᜆ᜕ᜇ᜕
ᜉ᜔   ᜄ᜕ᜇ᜕   ᜐ
ᜋᜊ᜔ᜎ᜔ᜐ᜔   ᜃ᜕ᜉ᜔   ᜉᜄ᜔ᜃᜆ᜕ᜆ᜕","Nakatulong ang turo ng guro sa mabilis kong pagkatuto."
"sentence_124.png","ᜁᜉ᜔ᜈᜐ   ᜈ᜔ᜌ   ᜀᜉ᜔
ᜃᜈ᜔ᜌᜉ᜔   ᜆ᜕ᜇ᜕   ᜐ
ᜋ᜔ᜄ   ᜊᜆ","Ipinasa niya ang kanyang turo sa mga bata."
"sentence_125.png","ᜀᜉ᜔   ᜆ᜕ᜇ᜕   ᜉ᜔
ᜎ᜔ᜊ᜔ᜇ᜕   ᜀᜌ᜔   ᜋᜇᜎ᜔ᜉ᜔
ᜐ᜕ᜈ᜔ᜇᜈ᜔","Ang turo ng libro ay madaling sundan."
"sentence_126.png","ᜉᜂᜎ᜔ᜆ᜕ᜎ᜔ᜆ᜔   ᜈ᜔ᜌᜉ᜔   ᜊ᜔ᜈ᜔ᜊ᜔ᜄ᜔ᜌᜉ᜔ᜇ᜔ᜁᜈ᜔
ᜀᜉ᜔   ᜆ᜕ᜇ᜕","Paulit-ulit niyang binibigyang-diin ang turo."
"sentence_127.png","ᜀᜉ᜔   ᜆ᜕ᜇ᜕   ᜈ᜔ᜌ
ᜀᜉ᜔   ᜈᜄ᜔ᜊ᜔ᜄᜌ᜔   ᜐ
ᜀᜃ᜔ᜈ᜔   ᜉ᜔   ᜃ᜕ᜋ᜔ᜉ᜔ᜌᜈ᜔ᜐ","Ang turo niya ang nagbigay sa akin ng kumpiyansa."
"sentence_128.png","ᜋᜌ᜔   ᜊᜄ᜕ᜉ᜔   ᜆ᜕ᜇ᜕
ᜀᜉ᜔   ᜋ᜔ᜈ᜔ᜆ᜕ᜇ᜔   ᜈᜋ᜔ᜈ᜔
ᜉᜌ᜕ᜈ᜔","May bagong turo ang mentor namin ngayon."
"sentence_129.png","ᜀᜉ᜔   ᜆ᜕ᜇ᜕   ᜐ
ᜃ᜔ᜎᜐ᜔   ᜀᜌ᜔   ᜋᜐ᜔
ᜋᜎ᜔ᜈᜏ᜔   ᜉᜌ᜕ᜈ᜔","Ang turo sa klase ay mas malinaw ngayon."
"sentence_130.png","ᜐ᜔ᜈ᜔ᜇ᜔ᜌ᜕ᜐ᜕   ᜃ᜕   ᜀᜉ᜔
ᜊᜏᜆ᜔   ᜆ᜕ᜇ᜕   ᜉ᜔
ᜁᜈ᜔ᜐ᜔ᜆ᜔ᜇ᜕ᜆ᜕ᜇ᜔","Sineryoso ko ang bawat turo ng instructor."
"sentence_131.png","ᜀᜉ᜔   ᜆ᜕ᜇ᜕   ᜉ᜔
ᜊ᜕ᜑᜌ᜔   ᜀᜌ᜔   ᜋ᜔ᜈ᜔ᜐᜉ᜔
ᜋᜑ᜔ᜇᜉ᜔","Ang turo ng buhay ay minsang mahirap."
"sentence_132.png","ᜁᜊ᜔ᜈᜑᜄ᜔   ᜈ᜔ᜌ   ᜀᜉ᜔
ᜆ᜕ᜇ᜕   ᜐ   ᜊ᜕ᜂᜉ᜔
ᜆ᜔ᜀᜋ᜔","Ibinahagi niya ang turo sa buong team."
"sentence_133.png","ᜀᜉ᜔   ᜆ᜕ᜇ᜕   ᜈ᜔ᜌ
ᜀᜌ᜔   ᜉ᜔ᜇᜃ᜔ᜆ᜔ᜃᜎ᜔   ᜄᜋ᜔ᜆ᜔ᜈ᜔","Ang turo niya ay praktikal gamitin."
"sentence_134.png","ᜈᜄ᜔ᜉ᜔   ᜄᜊᜌ᜔   ᜃ᜕
ᜀᜉ᜔   ᜆ᜕ᜇ᜕   ᜐ
ᜋᜑ᜔ᜇᜉ᜔   ᜈ   ᜐ᜔ᜆ᜔ᜏᜐ᜔ᜌ᜕ᜈ᜔","Naging gabay ko ang turo sa mahirap na sitwasyon."
"sentence_135.png","ᜀᜉ᜔   ᜆ᜕ᜇ᜕   ᜉ᜔
ᜋᜄ᜕ᜎᜉ᜔   ᜀᜌ᜔   ᜑ᜔ᜈ᜔ᜇ᜔
ᜃ᜕   ᜐ᜔ᜈᜐᜌᜉ᜔","Ang turo ng magulang ay hindi ko sinasayang."
"sentence_136.png","ᜋᜌ᜔   ᜐᜌ᜔ᜐᜌ᜔   ᜀᜉ᜔
ᜊᜏᜆ᜔   ᜆ᜕ᜇ᜕   ᜈ᜔ᜌ","May saysay ang bawat turo niya."
"sentence_137.png","ᜀᜉ᜔   ᜆ᜕ᜇ᜕   ᜐ
ᜂᜇ᜔ᜁᜈ᜔ᜆᜆ᜔ᜂᜈ᜔   ᜀᜌ᜔   ᜈᜃᜆ᜕ᜎ᜕ᜉ᜔
ᜐ   ᜀᜋ᜔ᜈ᜔","Ang turo sa orientation ay nakatulong sa amin."
"sentence_138.png","ᜉ᜔ᜈᜃ᜔ᜉ᜔ᜄᜈ᜔   ᜈᜋ᜔ᜉ᜔   ᜋᜊ᜕ᜆ᜔
ᜀᜉ᜔   ᜆ᜕ᜇ᜕","Pinakinggan naming mabuti ang turo."
"sentence_139.png","ᜀᜉ᜔   ᜆ᜕ᜇ᜕   ᜈ᜔ᜌ
ᜀᜌ᜔   ᜋᜇᜎ᜔ᜉ᜔   ᜆᜈ᜔ᜇᜀᜈ᜔","Ang turo niya ay madaling tandaan."
"sentence_140.png","ᜇ᜔ᜈᜎ   ᜃ᜕   ᜀᜉ᜔
ᜆ᜕ᜇ᜕   ᜈ᜔ᜌ   ᜑᜉ᜔ᜄᜉ᜔
ᜐ   ᜆ᜔ᜇᜊᜑ᜕","Dinala ko ang turo niya hanggang sa trabaho."
"sentence_141.png","ᜀᜉ᜔   ᜆ᜕ᜇ᜕   ᜉ᜔
ᜂᜀᜑ᜔   ᜀᜌ᜔   ᜈᜄ᜔ᜉᜀᜉᜆ᜔
ᜐ   ᜎᜇ᜕   ᜃ᜕","Ang turo ng coach ay nagpaangat sa laro ko."
"sentence_142.png","ᜐ᜔ᜈ᜕ᜈ᜕ᜇ᜔   ᜉ᜔   ᜃ᜔ᜎᜐ᜔
ᜀᜉ᜔   ᜆ᜕ᜇ᜕   ᜉ᜔
ᜄ᜕ᜇ᜕","Sinunod ng klase ang turo ng guro."
"sentence_143.png","ᜀᜉ᜔   ᜆ᜕ᜇ᜕   ᜈ᜔ᜌ
ᜀᜌ᜔   ᜉ᜕ᜈ᜕   ᜉ᜔
ᜃᜇᜈᜐᜈ᜔","Ang turo niya ay puno ng karanasan."
"sentence_144.png","ᜈᜄ᜔ᜉ᜔   ᜋᜎ᜔ᜈᜏ᜔   ᜀᜉ᜔
ᜃ᜕ᜈ᜔ᜐ᜔ᜉ᜔ᜆ᜕   ᜇᜑ᜔ᜎ᜔   ᜐ
ᜆ᜕ᜇ᜕   ᜈ᜔ᜌ","Naging malinaw ang konsepto dahil sa turo niya."
"sentence_145.png","ᜀᜉ᜔   ᜆ᜕ᜇ᜕   ᜈ᜔ᜌ
ᜀᜌ᜔   ᜐ᜔ᜋ᜔ᜉ᜔ᜎ᜔   ᜉ᜔ᜇ᜕
ᜁᜉ᜔ᜃ᜔ᜆ᜔ᜊ᜕","Ang turo niya ay simple pero epektibo."
"sentence_146.png","ᜁᜐ᜔ᜈᜐᜊ᜕ᜑᜌ᜔   ᜃ᜕   ᜀᜉ᜔
ᜆ᜕ᜇ᜕   ᜉ᜔   ᜉᜋ᜔ᜎ᜔ᜌ
ᜃ᜕","Isinasabuhay ko ang turo ng pamilya ko."
"sentence_147.png","ᜀᜉ᜔   ᜆ᜕ᜇ᜕   ᜐ
ᜋ᜕ᜇ᜕ᜎ᜔   ᜀᜌ᜔   ᜇ᜔ᜆᜎ᜔ᜌᜇ᜕","Ang turo sa module ay detalyado."
"sentence_148.png","ᜀᜉ᜔   ᜆ᜕ᜇ᜕   ᜉ᜔
ᜀᜃ᜔ᜉ᜔   ᜋ᜔ᜄ   ᜋᜄ᜕ᜎᜉ᜔
ᜀᜌ᜔   ᜇᜎᜇᜎ   ᜃ᜕
ᜑᜉ᜔ᜄᜉ᜔   ᜐ   ᜉᜄ᜔ᜆᜈ᜔ᜇ","Ang turo ng aking mga magulang ay dala-dala ko hanggang sa pagtanda."
"sentence_149.png","ᜀᜉ᜔   ᜆ᜕ᜇ᜕   ᜈ᜔ᜌ
ᜀᜌ᜔   ᜋᜌ᜔   ᜃᜐᜋᜉ᜔
ᜇ᜔ᜋ᜕ᜈ᜔ᜐ᜔ᜆ᜔ᜇᜐ᜔ᜌ᜕ᜈ᜔","Ang turo niya ay may kasamang demonstrasyon."
"sentence_150.png","ᜉ᜔ᜈᜑᜎᜄᜑᜈ᜔   ᜃ᜕   ᜀᜉ᜔
ᜊᜏᜆ᜔   ᜆ᜕ᜇ᜕   ᜈ
ᜈᜆᜉ᜔ᜄᜉ᜔   ᜃ᜕","Pinahalagahan ko ang bawat turo na natanggap ko."
